[
  {
    "value": "elephant",
    "synonyms": [
      "elephant"
    ]
  },
  {
    "value": "frog",
    "synonyms": [
      "frog"
    ]
  },
  {
    "value": "shark",
    "synonyms": [
      "shark"
    ]
  },
  {
    "value": "spyder",
    "synonyms": [
      "spyder"
    ]
  },
  {
    "value": "flamingo",
    "synonyms": [
      "flamingo"
    ]
  },
  {
    "value": "bear",
    "synonyms": [
      "bear"
    ]
  },
  {
    "value": "jellyfish",
    "synonyms": [
      "jellyfish"
    ]
  },
  {
    "value": "grasshopper",
    "synonyms": [
      "grasshopper"
    ]
  },
  {
    "value": "prawn",
    "synonyms": [
      "prawn"
    ]
  },
  {
    "value": "squirrel",
    "synonyms": [
      "squirrel"
    ]
  },
  {
    "value": "dog",
    "synonyms": [
      "dog"
    ]
  },
  {
    "value": "whale",
    "synonyms": [
      "whale"
    ]
  },
  {
    "value": "eagle",
    "synonyms": [
      "eagle"
    ]
  },
  {
    "value": "magpie",
    "synonyms": [
      "magpie"
    ]
  },
  {
    "value": "giraffe",
    "synonyms": [
      "giraffe"
    ]
  },
  {
    "value": "cheetah",
    "synonyms": [
      "cheetah",
      "puma"
    ]
  },
  {
    "value": "pig",
    "synonyms": [
      "pig",
      "boar"
    ]
  },
  {
    "value": "wolf",
    "synonyms": [
      "wolf"
    ]
  },
  {
    "value": "fox",
    "synonyms": [
      "fox"
    ]
  },
  {
    "value": "cat",
    "synonyms": [
      "cat",
      "kitten"
    ]
  },
  {
    "value": "ant",
    "synonyms": [
      "ant"
    ]
  },
  {
    "value": "bee",
    "synonyms": [
      "bee"
    ]
  },
  {
    "value": "goat",
    "synonyms": [
      "goat"
    ]
  },
  {
    "value": "cow",
    "synonyms": [
      "cow",
      "bull"
    ]
  },
  {
    "value": "tiger",
    "synonyms": [
      "tiger"
    ]
  },
  {
    "value": "salmon",
    "synonyms": [
      "salmon"
    ]
  },
  {
    "value": "tuna",
    "synonyms": [
      "tuna"
    ]
  },
  {
    "value": "butterfly",
    "synonyms": [
      "butterfly"
    ]
  },
  {
    "value": "camel",
    "synonyms": [
      "camel"
    ]
  }
]