[
  {
    "value": "2",
    "synonyms": [
      "2",
      "two",
      "a pair of",
      "one pair of"
    ]
  },
  {
    "value": "4",
    "synonyms": [
      "4",
      "four",
      "two pairs of"
    ]
  },
  {
    "value": "8",
    "synonyms": [
      "8",
      "eight",
      "four pairs of"
    ]
  },
  {
    "value": "0",
    "synonyms": [
      "0",
      "zero",
      "no",
      "does not have any"
    ]
  },
  {
    "value": "6",
    "synonyms": [
      "6",
      "six",
      "three pairs of"
    ]
  },
  {
    "value": "123",
    "synonyms": [
      "123",
      "one leg",
      "three legs",
      "five legs",
      "ten legs",
      "five pairs of legs"
    ]
  }
]