[
  {
    "value": "gt",
    "synonyms": [
      "bigger",
      "higher",
      "greater",
      "longer",
      "taller",
      "enormous",
      "huge"
    ]
  },
  {
    "value": "lt",
    "synonyms": [
      "smaller",
      "less",
      "tinier",
      "tiny",
      "small",
      "little",
      "short",
      "lower",
      "low"
    ]
  },
  {
    "value": "eq",
    "synonyms": [
      "same",
      "same size",
      "similar",
      "as tall as",
      "as high as",
      "equal",
      "equally tall",
      "equally small",
      "equally high",
      "equally low",
      "same size as"
    ]
  }
]