[
  {
    "id": "17042534-5cc1-4f68-8fc0-bd8df9124fb7",
    "data": [
      {
        "text": "is it of the ",
        "userDefined": false
      },
      {
        "text": "green",
        "meta": "@sys.color",
        "alias": "color",
        "userDefined": false
      },
      {
        "text": " color?",
        "userDefined": false
      }
    ],
    "isTemplate": false,
    "count": 0,
    "lang": "en",
    "updated": 0
  },
  {
    "id": "c41fcdf9-14b2-44f5-9da4-18cd5f0c8add",
    "data": [
      {
        "text": "the color is ",
        "userDefined": false
      },
      {
        "text": "brown",
        "meta": "@sys.color",
        "alias": "color",
        "userDefined": false
      },
      {
        "text": ", right?",
        "userDefined": false
      }
    ],
    "isTemplate": false,
    "count": 0,
    "lang": "en",
    "updated": 0
  },
  {
    "id": "172585b6-feae-4ab3-b65c-40620265f318",
    "data": [
      {
        "text": "is the color ",
        "userDefined": false
      },
      {
        "text": "green",
        "meta": "@sys.color",
        "alias": "color",
        "userDefined": false
      },
      {
        "text": "?",
        "userDefined": false
      }
    ],
    "isTemplate": false,
    "count": 0,
    "lang": "en",
    "updated": 0
  },
  {
    "id": "80984e72-31fc-47f6-8e54-66dc7ecf0319",
    "data": [
      {
        "text": "is it ",
        "userDefined": false
      },
      {
        "text": "red",
        "meta": "@sys.color",
        "alias": "color",
        "userDefined": true
      },
      {
        "text": "?",
        "userDefined": false
      }
    ],
    "isTemplate": false,
    "count": 0,
    "lang": "en",
    "updated": 0
  }
]