[
  {
    "id": "c22b6083-ea8e-47d2-9424-014f901815d8",
    "data": [
      {
        "text": "this animal lives ",
        "userDefined": false
      },
      {
        "text": "on the ground",
        "meta": "@underwater",
        "alias": "underwater",
        "userDefined": false
      },
      {
        "text": ", doesn\u0027t it?",
        "userDefined": false
      }
    ],
    "isTemplate": false,
    "count": 0,
    "lang": "en",
    "updated": 0
  },
  {
    "id": "11c5db1a-b384-499e-9a8f-dbe821959c53",
    "data": [
      {
        "text": "it is a ",
        "userDefined": false
      },
      {
        "text": "subsea",
        "meta": "@underwater",
        "alias": "underwater",
        "userDefined": false
      },
      {
        "text": " animal, right?",
        "userDefined": false
      }
    ],
    "isTemplate": false,
    "count": 0,
    "lang": "en",
    "updated": 0
  },
  {
    "id": "ad5660f4-0ac0-4777-a4b7-a4a42d933d7f",
    "data": [
      {
        "text": "is it an ",
        "userDefined": false
      },
      {
        "text": "underwater",
        "meta": "@underwater",
        "alias": "underwater",
        "userDefined": false
      },
      {
        "text": " animal?",
        "userDefined": false
      }
    ],
    "isTemplate": false,
    "count": 0,
    "lang": "en",
    "updated": 0
  },
  {
    "id": "06134ebe-09d6-4680-addd-0a1fabeab328",
    "data": [
      {
        "text": "is it a ",
        "userDefined": false
      },
      {
        "text": "terrestrial",
        "meta": "@underwater",
        "alias": "underwater",
        "userDefined": false
      },
      {
        "text": " animal?",
        "userDefined": false
      }
    ],
    "isTemplate": false,
    "count": 0,
    "lang": "en",
    "updated": 0
  },
  {
    "id": "580521a2-5d33-47be-a9bd-3b92dae8d77d",
    "data": [
      {
        "text": "does it live ",
        "userDefined": false
      },
      {
        "text": "on shore",
        "meta": "@underwater",
        "alias": "underwater",
        "userDefined": true
      },
      {
        "text": "?",
        "userDefined": false
      }
    ],
    "isTemplate": false,
    "count": 0,
    "lang": "en",
    "updated": 0
  },
  {
    "id": "f5273d96-3ea5-4a44-8166-c80f70a23135",
    "data": [
      {
        "text": "does it ",
        "userDefined": false
      },
      {
        "text": "live under water",
        "meta": "@underwater",
        "alias": "underwater",
        "userDefined": false
      },
      {
        "text": "?",
        "userDefined": false
      }
    ],
    "isTemplate": false,
    "count": 0,
    "lang": "en",
    "updated": 0
  }
]