[
  {
    "id": "8ecb7c14-2a3a-47be-a3ae-017bea4a8d81",
    "data": [
      {
        "text": "is it flightless?",
        "userDefined": false
      }
    ],
    "isTemplate": false,
    "count": 0,
    "lang": "en",
    "updated": 0
  },
  {
    "id": "a1d1b846-0dc9-4736-ae3e-fe713b91b22d",
    "data": [
      {
        "text": "it is flightless, right?",
        "userDefined": false
      }
    ],
    "isTemplate": false,
    "count": 0,
    "lang": "en",
    "updated": 0
  },
  {
    "id": "146045ac-2e54-4dde-b487-950779485543",
    "data": [
      {
        "text": "it cannot fly, right?",
        "userDefined": false
      }
    ],
    "isTemplate": false,
    "count": 0,
    "lang": "en",
    "updated": 0
  },
  {
    "id": "4e48bf92-2b24-4c0a-ac57-d4c16cd87ff1",
    "data": [
      {
        "text": "it is capable of flying?",
        "userDefined": false
      }
    ],
    "isTemplate": false,
    "count": 0,
    "lang": "en",
    "updated": 0
  },
  {
    "id": "354184d3-b451-4089-a991-e7fa2544bc30",
    "data": [
      {
        "text": "it knows how to fly, doesn\u0027t it?",
        "userDefined": false
      }
    ],
    "isTemplate": false,
    "count": 0,
    "lang": "en",
    "updated": 0
  },
  {
    "id": "1e7c9434-cffd-4156-aa2b-fb2814cb7ba2",
    "data": [
      {
        "text": "it flies, right?",
        "userDefined": false
      }
    ],
    "isTemplate": false,
    "count": 0,
    "lang": "en",
    "updated": 0
  },
  {
    "id": "8d9c2d18-4228-40c8-8a7a-0bcba1856f7f",
    "data": [
      {
        "text": "can it fly?",
        "userDefined": false
      }
    ],
    "isTemplate": false,
    "count": 0,
    "lang": "en",
    "updated": 0
  }
]