[
  {
    "id": "c9f8a126-a378-424d-9019-00beab4e35d7",
    "data": [
      {
        "text": "maybe it\u0027s a ",
        "userDefined": false
      },
      {
        "text": "shark",
        "meta": "@Animal",
        "alias": "animal",
        "userDefined": false
      },
      {
        "text": "?",
        "userDefined": false
      }
    ],
    "isTemplate": false,
    "count": 0,
    "lang": "en",
    "updated": 0
  },
  {
    "id": "e627fa34-8db4-4f54-9e72-293a437c3047",
    "data": [
      {
        "text": "I suppose it is an ",
        "userDefined": false
      },
      {
        "text": "elephant",
        "meta": "@Animal",
        "alias": "animal",
        "userDefined": false
      }
    ],
    "isTemplate": false,
    "count": 0,
    "lang": "en",
    "updated": 0
  },
  {
    "id": "be44cea8-bfe1-4a36-9a84-3926b8453bf5",
    "data": [
      {
        "text": "Is this an ",
        "userDefined": false
      },
      {
        "text": "elephant",
        "meta": "@Animal",
        "alias": "animal",
        "userDefined": false
      },
      {
        "text": "?",
        "userDefined": false
      }
    ],
    "isTemplate": false,
    "count": 0,
    "lang": "en",
    "updated": 0
  }
]