[
  {
    "id": "91ae3731-0962-4e01-9010-a8592e399832",
    "data": [
      {
        "text": "it has ",
        "userDefined": false
      },
      {
        "text": "no",
        "meta": "@num_legs",
        "alias": "num_legs",
        "userDefined": true
      },
      {
        "text": " legs, right?",
        "userDefined": false
      }
    ],
    "isTemplate": false,
    "count": 0,
    "lang": "en",
    "updated": 0
  },
  {
    "id": "67461acc-c7c8-4bcb-884e-04a410a76f76",
    "data": [
      {
        "text": "does it have ",
        "userDefined": false
      },
      {
        "text": "two pairs of",
        "meta": "@num_legs",
        "alias": "num_legs",
        "userDefined": true
      },
      {
        "text": " legs?",
        "userDefined": false
      }
    ],
    "isTemplate": false,
    "count": 0,
    "lang": "en",
    "updated": 0
  },
  {
    "id": "9b183f87-e9c6-4719-8860-6dfa74047a31",
    "data": [
      {
        "text": "it has ",
        "userDefined": false
      },
      {
        "text": "eight",
        "meta": "@num_legs",
        "alias": "num_legs",
        "userDefined": true
      },
      {
        "text": " legs, right?",
        "userDefined": false
      }
    ],
    "isTemplate": false,
    "count": 0,
    "lang": "en",
    "updated": 0
  },
  {
    "id": "361f9801-10c9-408d-94d6-64554b59b4de",
    "data": [
      {
        "text": "it does ",
        "userDefined": false
      },
      {
        "text": "not have any",
        "meta": "@num_legs",
        "alias": "num_legs",
        "userDefined": true
      },
      {
        "text": " legs, right?",
        "userDefined": false
      }
    ],
    "isTemplate": false,
    "count": 0,
    "lang": "en",
    "updated": 0
  },
  {
    "id": "4dea0f43-2d01-4243-87e6-d3af9f90c9a4",
    "data": [
      {
        "text": "does it have ",
        "userDefined": false
      },
      {
        "text": "two",
        "meta": "@num_legs",
        "alias": "num_legs",
        "userDefined": false
      },
      {
        "text": " legs?",
        "userDefined": false
      }
    ],
    "isTemplate": false,
    "count": 0,
    "lang": "en",
    "updated": 0
  },
  {
    "id": "703e3a02-16a6-49f0-9597-ba91e0ad78d8",
    "data": [
      {
        "text": "does it have ",
        "userDefined": false
      },
      {
        "text": "six",
        "meta": "@num_legs",
        "alias": "num_legs",
        "userDefined": false
      },
      {
        "text": " legs?",
        "userDefined": false
      }
    ],
    "isTemplate": false,
    "count": 0,
    "lang": "en",
    "updated": 0
  }
]