[
  {
    "id": "dd07df42-c956-4a91-bc31-5d3657feae95",
    "data": [
      {
        "text": "is it approximately of the ",
        "userDefined": false
      },
      {
        "text": "same",
        "meta": "@size",
        "alias": "size",
        "userDefined": false
      },
      {
        "text": " ",
        "userDefined": false
      },
      {
        "text": "hight",
        "userDefined": false
      },
      {
        "text": "?",
        "userDefined": false
      }
    ],
    "isTemplate": false,
    "count": 0,
    "lang": "en",
    "updated": 0
  },
  {
    "id": "abd309ea-24d5-43c4-aa2a-8bb67ea6f8e0",
    "data": [
      {
        "text": "is it ",
        "userDefined": false
      },
      {
        "text": "higher",
        "meta": "@size",
        "alias": "size",
        "userDefined": false
      },
      {
        "text": " than we?",
        "userDefined": false
      }
    ],
    "isTemplate": false,
    "count": 0,
    "lang": "en",
    "updated": 0
  },
  {
    "id": "0be42dc3-1e66-44a1-a7c6-55c08f1da77a",
    "data": [
      {
        "text": "is it ",
        "userDefined": false
      },
      {
        "text": "smaller",
        "meta": "@size",
        "alias": "size",
        "userDefined": false
      },
      {
        "text": " than ",
        "userDefined": false
      },
      {
        "text": "us",
        "userDefined": false
      },
      {
        "text": "?",
        "userDefined": false
      }
    ],
    "isTemplate": false,
    "count": 0,
    "lang": "en",
    "updated": 0
  },
  {
    "id": "191475be-cd8e-4977-8cbd-ce635b2c5323",
    "data": [
      {
        "text": "is it roughly the ",
        "userDefined": false
      },
      {
        "text": "same",
        "meta": "@size",
        "alias": "size",
        "userDefined": false
      },
      {
        "text": " as human?",
        "userDefined": false
      }
    ],
    "isTemplate": false,
    "count": 0,
    "lang": "en",
    "updated": 0
  },
  {
    "id": "37182d3d-8bd4-439b-8e67-bfcae72a97b1",
    "data": [
      {
        "text": "is it ",
        "userDefined": false
      },
      {
        "text": "equally tall as",
        "meta": "@size",
        "alias": "size",
        "userDefined": false
      },
      {
        "text": " human?",
        "userDefined": false
      }
    ],
    "isTemplate": false,
    "count": 0,
    "lang": "en",
    "updated": 0
  },
  {
    "id": "c1c50868-5b24-4276-a2af-aaecc9251415",
    "data": [
      {
        "text": "is it the ",
        "userDefined": false
      },
      {
        "text": "same size",
        "meta": "@size",
        "alias": "size",
        "userDefined": false
      },
      {
        "text": " as human?",
        "userDefined": false
      }
    ],
    "isTemplate": false,
    "count": 0,
    "lang": "en",
    "updated": 0
  },
  {
    "id": "3d999bd4-6731-4b46-9087-a87f42661124",
    "data": [
      {
        "text": "is it way ",
        "userDefined": false
      },
      {
        "text": "smaller",
        "meta": "@size",
        "alias": "size",
        "userDefined": false
      },
      {
        "text": " than human?",
        "userDefined": false
      }
    ],
    "isTemplate": false,
    "count": 0,
    "lang": "en",
    "updated": 0
  },
  {
    "id": "b7746674-6a05-4c10-9b45-21ca8834c024",
    "data": [
      {
        "text": "is it ",
        "userDefined": false
      },
      {
        "text": "bigger",
        "meta": "@size",
        "alias": "size",
        "userDefined": true
      },
      {
        "text": " than human?",
        "userDefined": false
      }
    ],
    "isTemplate": false,
    "count": 0,
    "lang": "en",
    "updated": 0
  }
]