[
  {
    "id": "dd4c0970-595a-45c1-8ea8-b400ffb3fef6",
    "data": [
      {
        "text": "This animal has legs, right?",
        "userDefined": false
      }
    ],
    "isTemplate": false,
    "count": 0,
    "lang": "en",
    "updated": 0
  },
  {
    "id": "988482f0-1427-47da-944f-bbf1802e69aa",
    "data": [
      {
        "text": "any legs or paws?",
        "userDefined": false
      }
    ],
    "isTemplate": false,
    "count": 0,
    "lang": "en",
    "updated": 0
  },
  {
    "id": "cd0cb036-91ed-41f5-909a-e0aaa2f4de82",
    "data": [
      {
        "text": "does it have legs or paws?",
        "userDefined": false
      }
    ],
    "isTemplate": false,
    "count": 0,
    "lang": "en",
    "updated": 0
  },
  {
    "id": "63a05500-accf-4ebe-9a1b-d4ac3c25eeda",
    "data": [
      {
        "text": "how many paws does it have?",
        "userDefined": false
      }
    ],
    "isTemplate": false,
    "count": 0,
    "lang": "en",
    "updated": 0
  },
  {
    "id": "b4a2b9e2-77ef-459c-a13a-54b0ac69c221",
    "data": [
      {
        "text": "does it have legs?",
        "userDefined": false
      }
    ],
    "isTemplate": false,
    "count": 0,
    "lang": "en",
    "updated": 0
  },
  {
    "id": "eb65ed38-7031-49c2-ac3a-9147405e7297",
    "data": [
      {
        "text": "how many lags does it have?",
        "userDefined": false
      }
    ],
    "isTemplate": false,
    "count": 0,
    "lang": "en",
    "updated": 0
  }
]