[
  {
    "id": "2ab684b2-99bb-4cf4-94ee-a2c21c757c75",
    "data": [
      {
        "text": "could you tell me which color is it?",
        "userDefined": false
      }
    ],
    "isTemplate": false,
    "count": 0,
    "lang": "en",
    "updated": 0
  },
  {
    "id": "0b35757a-63b6-4813-af06-8743439c4046",
    "data": [
      {
        "text": "Tell me what color it is.",
        "userDefined": false
      }
    ],
    "isTemplate": false,
    "count": 0,
    "lang": "en",
    "updated": 0
  },
  {
    "id": "14832f39-a2ae-40dd-b50d-bb5190ede005",
    "data": [
      {
        "text": "Tell me the color of the animal.",
        "userDefined": false
      }
    ],
    "isTemplate": false,
    "count": 0,
    "lang": "en",
    "updated": 0
  },
  {
    "id": "3042c585-ed99-4acc-a3d1-e769c26cc577",
    "data": [
      {
        "text": "Which color is this animal?",
        "userDefined": false
      }
    ],
    "isTemplate": false,
    "count": 0,
    "lang": "en",
    "updated": 0
  },
  {
    "id": "b3aa889c-1f4f-48f0-8ebe-2cc0973864eb",
    "data": [
      {
        "text": "What is its color?",
        "userDefined": false
      }
    ],
    "isTemplate": false,
    "count": 0,
    "lang": "en",
    "updated": 0
  },
  {
    "id": "103c462d-fd3a-4861-bce2-d046b84b1537",
    "data": [
      {
        "text": "What color is it?",
        "userDefined": false
      }
    ],
    "isTemplate": false,
    "count": 0,
    "lang": "en",
    "updated": 0
  }
]