[
  {
    "id": "f5b0f63d-2c24-42a5-9ab5-648ddfb109b2",
    "data": [
      {
        "text": "of course!",
        "userDefined": false
      }
    ],
    "isTemplate": false,
    "count": 0,
    "lang": "en",
    "updated": 0
  },
  {
    "id": "ff892b6a-f422-456e-96bc-57e7f9fa14ed",
    "data": [
      {
        "text": "sure!",
        "userDefined": false
      }
    ],
    "isTemplate": false,
    "count": 0,
    "lang": "en",
    "updated": 0
  },
  {
    "id": "a7328507-1338-4ee8-8a52-9775a5b84073",
    "data": [
      {
        "text": "sure",
        "userDefined": false
      }
    ],
    "isTemplate": false,
    "count": 0,
    "lang": "en",
    "updated": 0
  },
  {
    "id": "79b9cb1f-e89c-4593-b805-2f1fc5bf0cda",
    "data": [
      {
        "text": "let\u0027s do it",
        "userDefined": false
      }
    ],
    "isTemplate": false,
    "count": 0,
    "lang": "en",
    "updated": 0
  },
  {
    "id": "3a1c3421-1bf3-487d-9fe5-358c1cda052f",
    "data": [
      {
        "text": "ok why not",
        "userDefined": false
      }
    ],
    "isTemplate": false,
    "count": 0,
    "lang": "en",
    "updated": 0
  },
  {
    "id": "14f29f96-f6c1-4da7-a044-5864ed5ede28",
    "data": [
      {
        "text": "ok",
        "userDefined": false
      }
    ],
    "isTemplate": false,
    "count": 0,
    "lang": "en",
    "updated": 0
  },
  {
    "id": "66523309-989d-4a1d-8e47-105562d6c702",
    "data": [
      {
        "text": "why not",
        "userDefined": false
      }
    ],
    "isTemplate": false,
    "count": 0,
    "lang": "en",
    "updated": 0
  },
  {
    "id": "e40d269a-4547-4504-8607-e64bc582f3fe",
    "data": [
      {
        "text": "yes, think of an animal",
        "userDefined": false
      }
    ],
    "isTemplate": false,
    "count": 0,
    "lang": "en",
    "updated": 0
  },
  {
    "id": "01408f87-4d58-4fc8-8aaf-9464001feaff",
    "data": [
      {
        "text": "go!",
        "userDefined": false
      }
    ],
    "isTemplate": false,
    "count": 0,
    "lang": "en",
    "updated": 0
  },
  {
    "id": "4a146c20-419b-43df-bfd5-6e80fd8afffb",
    "data": [
      {
        "text": "okay",
        "userDefined": false
      }
    ],
    "isTemplate": false,
    "count": 0,
    "lang": "en",
    "updated": 0
  },
  {
    "id": "d7e19bf3-f92d-4184-8e55-79b0c406ca29",
    "data": [
      {
        "text": "I\u0027m in!",
        "userDefined": false
      }
    ],
    "isTemplate": false,
    "count": 0,
    "lang": "en",
    "updated": 0
  },
  {
    "id": "e50eea1f-8799-4798-ae79-5155e3c23c53",
    "data": [
      {
        "text": "let\u0027s start",
        "userDefined": false
      }
    ],
    "isTemplate": false,
    "count": 0,
    "lang": "en",
    "updated": 0
  },
  {
    "id": "1284aab3-e187-49dc-b465-fb169e591954",
    "data": [
      {
        "text": "let\u0027s go",
        "userDefined": false
      }
    ],
    "isTemplate": false,
    "count": 0,
    "lang": "en",
    "updated": 0
  },
  {
    "id": "dc92fc72-cbce-4cc4-b09f-3e0359f134b1",
    "data": [
      {
        "text": "start the game",
        "userDefined": false
      }
    ],
    "isTemplate": false,
    "count": 1,
    "lang": "en",
    "updated": 0
  },
  {
    "id": "ce5388ce-b558-424c-84b3-226117327bd5",
    "data": [
      {
        "text": "yes, let\u0027s go",
        "userDefined": false
      }
    ],
    "isTemplate": false,
    "count": 0,
    "lang": "en",
    "updated": 0
  },
  {
    "id": "d2c1e9bf-19d2-4dc1-89e8-59bc9d565cda",
    "data": [
      {
        "text": "yes please",
        "userDefined": false
      }
    ],
    "isTemplate": false,
    "count": 0,
    "lang": "en",
    "updated": 0
  },
  {
    "id": "7deadaeb-657a-4eea-a64e-b2eab471e3f6",
    "data": [
      {
        "text": "yes",
        "userDefined": false
      }
    ],
    "isTemplate": false,
    "count": 0,
    "lang": "en",
    "updated": 0
  }
]